setting,progratio
low,1.759621000140229
medium,1.9375635243490361
high,1.5319632032672401
