"setting","progratio"
"low",1.95335557359472
"medium",1.93945308296274
"high",1.5306462277554
