"setting","progratio"
"low",1.92599583615833
"medium",1.85994302911229
"high",0.907431934364641
