setting,progratio
low,1.8936370103617073
medium,2.0155377146075324
high,1
